method,dataset_size,precision_at_5,precision_at_10,spearman_rho,avg_latency_ms
TF-IDF,2,1.0,1.0,0.9999999999999999,6.83283805847168
SBERT,2,1.0,1.0,0.9999999999999999,138.20016384124756
Flat-LLM,2,1.0,1.0,0.9999999999999999,0.04649162292480469
ResumeTree,2,1.0,1.0,0.0,206785.58671474457
