filename,score
sample_resume.pdf,0.026650241173665587
test_resume.txt,0.2043072702103743
